Date,Start (ET),Visitor/Neutral,PTS,Home/Neutral,PTS.1,Unnamed: 6,Unnamed: 7,Attend.,LOG,Arena,Notes,Boxscore Link,Team 1 TS PCT,Team 2 TS PCT,Team 1 EFG PCT,Team 2 EFG PCT,Team 1 3P AR,Team 2 3P AR,Team 1 FT AR,Team 2 FT AR,Team 1 TRB PCT,Team 2 TRB PCT,Team 1 AST PCT,Team 2 AST PCT,Team 1 STL PCT,Team 2 STL PCT,Team 1 BLK PCT,Team 2 BLK PCT,Team 1 TO PCT,Team 2 TO PCT,Team 1 OFF RT,Team 2 OFF RT,Team 1 DEF RT,Team 2 DEF RT
"Mon, Apr 1, 2024",7:00p,Boston Celtics,118,Charlotte Hornets,104,Box Score,,"19,238",1:54,Spectrum Center,,https://www.basketball-reference.com/boxscores/202404010CHO.html,.614,.543,.590,.522,.596,.407,.180,.121,56.0,44.0,65.1,68.3,3.2,3.2,5.6,5.6,10.3,6.8,126.7,111.7,111.7,126.7
"Mon, Apr 1, 2024",7:00p,Memphis Grizzlies,110,Detroit Pistons,108,Box Score,,"19,999",2:08,Little Caesars Arena,,https://www.basketball-reference.com/boxscores/202404010DET.html,.544,.609,.500,.576,.363,.354,.253,.278,51.8,48.2,70.0,55.0,11.7,7.5,17.6,15.5,11.4,13.6,117.2,115.7,115.1,117.8
"Mon, Apr 1, 2024",7:00p,Brooklyn Nets,111,Indiana Pacers,133,Box Score,,"16,522",2:20,Gainbridge Fieldhouse,,https://www.basketball-reference.com/boxscores/202404010IND.html,.559,.602,.529,.578,.299,.301,.322,.165,47.8,52.2,48.8,66.0,3.0,5.9,5.6,14.8,13.1,8.3,109.8,130.9,131.5,109.2
"Mon, Apr 1, 2024",7:00p,Portland Trail Blazers,103,Orlando Magic,104,Box Score,,"19,004",2:11,Kia Center,,https://www.basketball-reference.com/boxscores/202404010ORL.html,.533,.592,.506,.546,.344,.421,.167,.355,50.6,49.4,70.0,72.2,9.6,4.3,6.8,10.2,10.2,15.4,110.4,112.1,111.5,111.0
"Mon, Apr 1, 2024",8:00p,Atlanta Hawks,113,Chicago Bulls,101,Box Score,,"21,114",2:07,United Center,,https://www.basketball-reference.com/boxscores/202404010CHI.html,.628,.483,.616,.431,.488,.298,.220,.255,46.9,53.1,70.7,45.9,4.2,8.5,7.6,4.8,14.3,7.1,119.4,107.3,106.8,120.1
"Mon, Apr 1, 2024",8:00p,Phoenix Suns,124,New Orleans Pelicans,111,Box Score,,"17,753",2:14,Smoothie King Center,,https://www.basketball-reference.com/boxscores/202404010NOP.html,.633,.557,.598,.534,.540,.303,.287,.270,57.0,43.0,67.4,69.0,7.5,10.8,9.7,2.5,12.5,8.3,132.8,120.1,118.8,134.2
"Tue, Apr 2, 2024",7:00p,Los Angeles Lakers,128,Toronto Raptors,111,Box Score,,"19,800",2:06,Scotiabank Arena,,https://www.basketball-reference.com/boxscores/202404020TOR.html,.602,.565,.604,.539,.406,.360,.119,.236,54.0,46.0,73.1,58.1,5.6,10.3,14.0,10.0,12.4,14.8,119.2,103.9,103.4,119.8
"Tue, Apr 2, 2024",7:00p,Milwaukee Bucks,113,Washington Wizards,117,Box Score,,"16,492",2:13,Capital One Arena,,https://www.basketball-reference.com/boxscores/202404020WAS.html,.509,.582,.490,.554,.466,.409,.175,.183,56.4,43.6,68.9,55.3,7.7,8.7,10.9,3.6,9.8,9.9,109.3,112.6,113.1,108.8
"Tue, Apr 2, 2024",7:30p,New York Knicks,99,Miami Heat,109,Box Score,,"19,857",2:16,Kaseya Center,,https://www.basketball-reference.com/boxscores/202404020MIA.html,.581,.655,.539,.601,.447,.514,.276,.284,43.5,56.5,71.4,66.7,12.2,5.5,5.6,9.5,14.1,17.8,109.7,120.2,120.8,109.1
"Tue, Apr 2, 2024",7:30p,Oklahoma City Thunder,105,Philadelphia 76ers,109,Box Score,,"20,733",2:22,Wells Fargo Center,,https://www.basketball-reference.com/boxscores/202404020PHI.html,.543,.612,.500,.551,.448,.385,.253,.321,50.6,49.4,81.1,75.0,10.5,8.4,18.8,8.3,13.4,16.8,110.3,113.9,114.5,109.7
"Tue, Apr 2, 2024",8:00p,Houston Rockets,106,Minnesota Timberwolves,113,Box Score,,"18,024",2:13,Target Center,,https://www.basketball-reference.com/boxscores/202404020MIN.html,.540,.652,.522,.604,.522,.338,.152,.286,48.7,51.3,56.1,70.7,10.3,12.4,0.0,11.4,13.3,17.2,109.6,116.9,116.9,109.6
"Tue, Apr 2, 2024",9:00p,San Antonio Spurs,105,Denver Nuggets,110,Box Score,,"19,741",2:10,Ball Arena,,https://www.basketball-reference.com/boxscores/202404020DEN.html,.469,.524,.462,.495,.419,.347,.152,.163,53.2,46.8,78.6,65.1,4.0,5.0,18.8,16.4,6.7,7.1,104.0,109.5,108.9,104.5
"Tue, Apr 2, 2024",9:00p,Cleveland Cavaliers,129,Utah Jazz,113,Box Score,,"18,206",2:05,Delta Center,,https://www.basketball-reference.com/boxscores/202404020UTA.html,.675,.608,.635,.576,.459,.435,.282,.212,55.4,44.6,82.6,63.4,9.9,7.0,12.5,6.5,13.6,17.7,128.0,112.7,112.1,128.6
"Tue, Apr 2, 2024",10:00p,Dallas Mavericks,100,Golden State Warriors,104,Box Score,,"18,064",2:20,Chase Center,,https://www.basketball-reference.com/boxscores/202404020GSW.html,.533,.559,.522,.539,.449,.356,.124,.078,44.7,55.3,69.2,70.7,8.1,9.2,12.1,8.2,13.8,15.4,101.7,105.8,105.8,101.7
"Tue, Apr 2, 2024",10:00p,Los Angeles Clippers,95,Sacramento Kings,109,Box Score,,"17,832",2:12,Golden 1 Center,,https://www.basketball-reference.com/boxscores/202404020SAC.html,.541,.529,.480,.489,.355,.457,.355,.272,40.4,59.6,58.1,74.4,6.6,11.0,2.0,12.2,15.4,8.8,104.4,120.4,119.8,105.0
"Wed, Apr 3, 2024",7:00p,Portland Trail Blazers,89,Charlotte Hornets,86,Box Score,,"14,209",2:06,Spectrum Center,,https://www.basketball-reference.com/boxscores/202404030CHO.html,.453,.490,.435,.442,.280,.397,.129,.282,60.4,39.6,51.4,68.8,4.2,10.5,4.3,11.9,14.0,11.1,93.8,90.1,90.6,93.3
"Wed, Apr 3, 2024",7:00p,Los Angeles Lakers,125,Washington Wizards,120,Box Score,,"20,333",2:14,Capital One Arena,,https://www.basketball-reference.com/boxscores/202404030WAS.html,.602,.620,.549,.593,.308,.462,.319,.143,55.7,44.3,45.7,57.8,9.3,10.3,8.2,6.3,14.1,15.7,116.3,112.1,111.6,116.8
"Wed, Apr 3, 2024",7:30p,Detroit Pistons,113,Atlanta Hawks,121,Box Score,,"17,899",2:07,State Farm Arena,,https://www.basketball-reference.com/boxscores/202404030ATL.html,.547,.626,.511,.617,.319,.422,.223,.167,43.5,56.5,55.8,73.5,13.5,8.6,5.8,12.5,8.8,14.2,108.6,116.3,116.3,108.6
"Wed, Apr 3, 2024",7:30p,Oklahoma City Thunder,100,Boston Celtics,135,Box Score,,"19,156",2:14,TD Garden,,https://www.basketball-reference.com/boxscores/202404030BOS.html,.536,.673,.463,.636,.296,.435,.346,.207,40.3,59.7,60.0,66.0,8.2,7.1,9.6,17.5,13.0,9.9,101.9,137.6,137.6,101.9
"Wed, Apr 3, 2024",7:30p,Indiana Pacers,111,Brooklyn Nets,115,Box Score,,"17,732",2:15,Barclays Center,,https://www.basketball-reference.com/boxscores/202404030BRK.html,.515,.582,.495,.552,.369,.368,.107,.310,47.4,52.6,58.7,52.4,8.5,4.3,16.4,12.3,7.7,11.6,118.0,122.3,122.3,118.0
"Wed, Apr 3, 2024",8:00p,Memphis Grizzlies,111,Milwaukee Bucks,101,Box Score,,"17,420",2:05,Fiserv Forum,,https://www.basketball-reference.com/boxscores/202404030MIL.html,.564,.504,.544,.495,.253,.463,.187,.126,55.1,44.9,54.3,68.4,5.3,5.3,15.7,14.7,8.4,9.9,117.7,107.6,107.1,118.3
"Wed, Apr 3, 2024",8:00p,Toronto Raptors,85,Minnesota Timberwolves,133,Box Score,,"18,024",2:00,Target Center,,https://www.basketball-reference.com/boxscores/202404030MIN.html,.442,.629,.406,.615,.333,.448,.156,.229,49.0,51.0,57.6,75.5,3.8,12.5,11.3,15.0,17.9,7.8,81.4,128.0,127.4,81.8
"Wed, Apr 3, 2024",8:00p,Orlando Magic,117,New Orleans Pelicans,108,Box Score,,"16,427",,Smoothie King Center,,https://www.basketball-reference.com/boxscores/202404030NOP.html,.628,.611,.594,.553,.400,.382,.375,.368,52.7,47.3,65.9,58.3,9.5,9.5,4.3,2.1,12.2,13.7,123.0,113.6,113.6,123.0
"Wed, Apr 3, 2024",10:00p,Cleveland Cavaliers,101,Phoenix Suns,122,Box Score,,"17,071",2:14,Footprint Center,,https://www.basketball-reference.com/boxscores/202404030PHO.html,.553,.646,.512,.609,.313,.379,.229,.195,46.3,53.8,71.8,72.7,9.1,11.1,7.4,3.5,14.1,14.5,102.6,123.3,123.9,102.1
"Thu, Apr 4, 2024",7:30p,Atlanta Hawks,95,Dallas Mavericks,109,Box Score,,"20,211",2:09,American Airlines Center,,https://www.basketball-reference.com/boxscores/202404040DAL.html,.504,.537,.476,.500,.447,.521,.247,.181,51.4,48.6,61.8,52.6,6.8,6.8,4.4,14.9,18.2,12.1,92.2,105.8,105.8,92.2
"Thu, Apr 4, 2024",7:30p,Philadelphia 76ers,109,Miami Heat,105,Box Score,,"19,719",2:07,Kaseya Center,,https://www.basketball-reference.com/boxscores/202404040MIA.html,.563,.520,.543,.484,.435,.457,.120,.170,44.6,55.4,65.1,61.5,11.4,8.2,13.7,7.7,10.2,14.4,112.5,107.2,108.3,111.3
"Thu, Apr 4, 2024",7:30p,Sacramento Kings,109,New York Knicks,120,Box Score,,"19,812",2:28,Madison Square Garden (IV),,https://www.basketball-reference.com/boxscores/202404040NYK.html,.597,.647,.593,.625,.488,.350,.140,.363,47.3,52.7,61.9,77.3,6.4,9.4,5.8,4.5,14.9,12.3,115.6,125.9,127.2,114.4
"Thu, Apr 4, 2024",8:00p,Golden State Warriors,133,Houston Rockets,110,Box Score,,"18,055",2:13,Toyota Center,,https://www.basketball-reference.com/boxscores/202404040HOU.html,.731,.554,.694,.488,.438,.465,.313,.349,59.7,40.3,61.7,63.9,6.3,11.7,4.3,2.2,18.8,10.8,138.9,116.7,114.9,141.1
"Thu, Apr 4, 2024",10:00p,Denver Nuggets,100,Los Angeles Clippers,102,Box Score,,"19,370",2:33,Crypto.com Arena,,https://www.basketball-reference.com/boxscores/202404040LAC.html,.532,.490,.500,.417,.422,.367,.301,.356,51.5,48.5,75.0,64.7,3.0,9.9,7.0,4.2,13.0,6.3,99.3,101.3,101.3,99.3
"Fri, Apr 5, 2024",7:00p,Orlando Magic,115,Charlotte Hornets,124,Box Score,,"16,374",2:13,Spectrum Center,,https://www.basketball-reference.com/boxscores/202404050CHO.html,.545,.755,.495,.701,.404,.417,.277,.319,50.7,49.3,57.1,67.4,9.4,6.2,7.1,7.1,8.7,19.6,120.4,128.5,129.8,119.1
"Fri, Apr 5, 2024",7:00p,Oklahoma City Thunder,112,Indiana Pacers,126,Box Score,,"17,274",2:12,Gainbridge Fieldhouse,,https://www.basketball-reference.com/boxscores/202404050IND.html,.580,.648,.535,.608,.349,.398,.279,.239,50.0,50.0,57.1,65.2,8.0,8.0,11.3,8.9,13.4,12.6,112.0,125.4,126.0,111.5
"Fri, Apr 5, 2024",7:00p,Portland Trail Blazers,108,Washington Wizards,102,Box Score,,"18,079",2:16,Capital One Arena,,https://www.basketball-reference.com/boxscores/202404050WAS.html,.516,.504,.484,.460,.309,.375,.255,.341,55.0,45.0,70.7,63.2,7.2,9.3,9.1,7.7,11.1,9.0,111.1,104.9,104.9,111.1
"Fri, Apr 5, 2024",7:30p,Sacramento Kings,100,Boston Celtics,101,Box Score,,"19,156",2:03,TD Garden,,https://www.basketball-reference.com/boxscores/202404050BOS.html,.477,.521,.470,.494,.515,.494,.131,.202,51.4,48.6,55.3,65.8,4.4,6.5,6.7,8.3,6.3,7.6,109.0,109.5,110.1,108.4
"Fri, Apr 5, 2024",8:00p,New York Knicks,100,Chicago Bulls,108,Box Score,,"21,599",2:17,United Center,,https://www.basketball-reference.com/boxscores/202404050CHI.html,.534,.540,.494,.511,.349,.247,.289,.172,40.0,60.0,61.1,61.4,9.2,11.2,2.9,9.3,16.1,14.5,102.2,110.4,110.4,102.2
"Fri, Apr 5, 2024",8:00p,Miami Heat,119,Houston Rockets,104,Box Score,,"18,055",2:03,Toyota Center,,https://www.basketball-reference.com/boxscores/202404050HOU.html,.606,.515,.567,.456,.404,.489,.236,.278,51.6,48.4,61.4,73.5,8.3,7.3,8.7,3.8,8.4,8.2,123.8,108.2,108.2,123.8
"Fri, Apr 5, 2024",8:00p,Detroit Pistons,90,Memphis Grizzlies,108,Box Score,,"16,745",2:01,FedEx Forum,,https://www.basketball-reference.com/boxscores/202404050MEM.html,.502,.556,.456,.522,.380,.344,.304,.178,43.7,56.3,68.8,57.1,13.4,13.4,6.8,14.3,16.7,17.8,92.9,111.5,111.5,92.9
"Fri, Apr 5, 2024",8:00p,Toronto Raptors,117,Milwaukee Bucks,111,Box Score,,"17,750",2:21,Fiserv Forum,,https://www.basketball-reference.com/boxscores/202404050MIL.html,.617,.538,.544,.500,.456,.447,.456,.223,51.1,48.9,66.7,51.2,8.9,7.9,5.8,14.0,15.2,11.2,115.7,110.3,109.7,116.2
"Fri, Apr 5, 2024",8:00p,San Antonio Spurs,111,New Orleans Pelicans,109,Box Score,,"17,422",2:01,Smoothie King Center,,https://www.basketball-reference.com/boxscores/202404050NOP.html,.626,.597,.608,.564,.554,.337,.157,.140,45.3,54.7,81.0,63.6,9.3,11.5,14.0,5.4,16.1,15.7,115.0,113.5,112.9,115.6
"Fri, Apr 5, 2024",8:30p,Golden State Warriors,106,Dallas Mavericks,108,Box Score,,"20,425",2:21,American Airlines Center,,https://www.basketball-reference.com/boxscores/202404050DAL.html,.525,.579,.505,.548,.376,.405,.194,.250,51.8,48.2,65.9,75.0,11.9,8.9,10.0,15.5,12.9,16.2,105.2,106.7,107.2,104.7
"Fri, Apr 5, 2024",10:00p,Minnesota Timberwolves,87,Phoenix Suns,97,Box Score,,"17,071",2:08,Footprint Center,,https://www.basketball-reference.com/boxscores/202404050PHO.html,.477,.546,.447,.493,.341,.342,.165,.382,47.3,52.7,69.7,87.9,9.1,12.1,12.0,5.4,17.2,16.9,87.5,98.1,97.6,88.0
"Fri, Apr 5, 2024",10:30p,Utah Jazz,102,Los Angeles Clippers,131,Box Score,,"19,370",2:04,Crypto.com Arena,,https://www.basketball-reference.com/boxscores/202404050LAC.html,.492,.662,.434,.632,.330,.385,.319,.198,45.7,54.3,57.1,62.7,10.7,8.7,7.1,6.6,12.6,13.2,99.1,126.7,127.3,98.6
"Sat, Apr 6, 2024",3:30p,Cleveland Cavaliers,97,Los Angeles Lakers,116,Box Score,,"18,997",2:04,Crypto.com Arena,,https://www.basketball-reference.com/boxscores/202404060LAL.html,.509,.666,.494,.663,.389,.463,.133,.200,50.0,50.0,61.5,66.7,11.1,11.0,7.0,20.0,16.6,18.7,98.3,116.3,117.5,97.3
"Sat, Apr 6, 2024",7:00p,Detroit Pistons,103,Brooklyn Nets,113,Box Score,,"17,732",2:07,Barclays Center,,https://www.basketball-reference.com/boxscores/202404060BRK.html,.549,.646,.549,.596,.424,.370,.043,.452,36.8,63.2,59.5,52.6,9.5,3.2,4.3,13.2,9.6,17.1,108.8,121.3,119.4,110.6
"Sat, Apr 6, 2024",8:00p,Philadelphia 76ers,116,Memphis Grizzlies,96,Box Score,,"17,794",2:15,FedEx Forum,,https://www.basketball-reference.com/boxscores/202404060MEM.html,.651,.499,.620,.466,.494,.299,.291,.241,48.2,51.8,65.9,58.3,12.4,9.3,14.8,5.0,17.6,16.5,119.9,98.7,99.2,119.2
"Sat, Apr 6, 2024",9:00p,Atlanta Hawks,110,Denver Nuggets,142,Box Score,,"19,639",2:10,Ball Arena,,https://www.basketball-reference.com/boxscores/202404060DEN.html,.551,.747,.494,.733,.425,.466,.333,.182,44.7,55.3,81.1,71.7,7.8,8.7,4.3,14.0,13.8,15.2,106.9,136.6,137.9,105.8
"Sun, Apr 7, 2024",3:30p,Houston Rockets,136,Dallas Mavericks,147,Box Score,OT,"20,317",2:48,American Airlines Center,,https://www.basketball-reference.com/boxscores/202404070DAL.html,.627,.701,.586,.629,.441,.459,.376,.529,40.5,59.5,67.4,45.7,9.7,3.6,13.0,11.5,9.2,14.0,120.3,130.6,130.0,120.8
"Sun, Apr 7, 2024",3:30p,Cleveland Cavaliers,118,Los Angeles Clippers,120,Box Score,,"19,370",2:19,Crypto.com Arena,,https://www.basketball-reference.com/boxscores/202404070LAC.html,.591,.635,.540,.571,.341,.417,.307,.286,42.9,57.1,64.3,63.4,10.1,5.0,4.1,3.4,9.9,14.5,119.2,120.7,121.3,118.6
"Sun, Apr 7, 2024",5:00p,Miami Heat,115,Indiana Pacers,117,Box Score,,"17,274",2:28,Gainbridge Fieldhouse,,https://www.basketball-reference.com/boxscores/202404070IND.html,.586,.614,.512,.564,.321,.372,.381,.244,51.3,48.7,53.8,61.4,3.2,4.2,3.7,10.5,6.7,6.8,121.3,122.7,123.4,120.6
"Sun, Apr 7, 2024",6:00p,Portland Trail Blazers,107,Boston Celtics,124,Box Score,,"19,156",1:51,TD Garden,,https://www.basketball-reference.com/boxscores/202404070BOS.html,.497,.669,.461,.655,.373,.437,.127,.149,57.0,43.0,65.0,69.4,8.2,11.3,4.1,12.5,12.2,12.3,109.7,127.1,127.1,109.7
"Sun, Apr 7, 2024",6:00p,Oklahoma City Thunder,121,Charlotte Hornets,118,Box Score,,"16,556",2:12,Spectrum Center,,https://www.basketball-reference.com/boxscores/202404070CHO.html,.640,.662,.621,.645,.414,.482,.195,.169,50.0,50.0,73.3,64.4,14.2,12.2,9.3,17.6,15.2,16.8,122.7,120.3,119.6,123.3
"Sun, Apr 7, 2024",6:00p,Chicago Bulls,98,Orlando Magic,113,Box Score,,"19,276",2:11,Kia Center,,https://www.basketball-reference.com/boxscores/202404070ORL.html,.579,.574,.547,.528,.267,.378,.293,.211,48.1,51.9,52.6,57.1,7.3,12.6,8.9,7.3,19.9,9.2,102.7,118.4,118.4,102.7
"Sun, Apr 7, 2024",6:00p,New Orleans Pelicans,113,Phoenix Suns,105,Box Score,,"17,071",2:13,Footprint Center,,https://www.basketball-reference.com/boxscores/202404070PHO.html,.605,.564,.565,.529,.459,.448,.224,.161,52.5,47.5,65.0,76.9,8.3,7.3,14.6,17.4,13.0,14.7,117.1,109.4,108.8,117.7
"Sun, Apr 7, 2024",6:00p,Washington Wizards,122,Toronto Raptors,130,Box Score,,"19,502",2:23,Scotiabank Arena,,https://www.basketball-reference.com/boxscores/202404070TOR.html,.597,.600,.562,.568,.449,.323,.337,.292,46.7,53.3,69.0,67.3,8.2,8.2,16.9,8.2,12.8,11.4,111.6,118.4,118.9,111.1
"Sun, Apr 7, 2024",7:00p,New York Knicks,122,Milwaukee Bucks,109,Box Score,,"17,536",2:15,Fiserv Forum,,https://www.basketball-reference.com/boxscores/202404070MIL.html,.600,.612,.565,.547,.315,.453,.239,.427,51.9,48.1,55.6,77.1,9.8,3.3,14.6,11.1,6.4,13.6,132.9,120.0,118.7,134.3
"Sun, Apr 7, 2024",7:00p,Philadelphia 76ers,133,San Antonio Spurs,126,Box Score,2OT,"18,046",2:52,Frost Bank Center,,https://www.basketball-reference.com/boxscores/202404070SAS.html,.543,.576,.509,.531,.342,.449,.167,.265,43.8,56.2,59.6,70.5,12.4,4.2,5.6,14.7,8.9,18.6,110.2,105.2,104.4,111.1
"Sun, Apr 7, 2024",7:30p,Sacramento Kings,107,Brooklyn Nets,77,Box Score,,"17,732",2:06,Barclays Center,,https://www.basketball-reference.com/boxscores/202404070BRK.html,.529,.420,.505,.390,.511,.349,.170,.151,54.0,46.0,77.5,56.7,8.2,5.1,21.4,10.9,8.2,15.6,109.5,78.4,78.8,108.9
"Sun, Apr 7, 2024",8:30p,Utah Jazz,110,Golden State Warriors,118,Box Score,,"18,064",2:07,Chase Center,,https://www.basketball-reference.com/boxscores/202404070GSW.html,.596,.623,.560,.609,.422,.380,.253,.065,38.2,61.8,53.8,65.3,4.3,9.4,10.5,16.7,10.7,14.5,116.9,123.4,125.4,115.1
"Sun, Apr 7, 2024",10:00p,Minnesota Timberwolves,127,Los Angeles Lakers,117,Box Score,,"18,997",2:05,Crypto.com Arena,,https://www.basketball-reference.com/boxscores/202404070LAL.html,.616,.596,.593,.530,.402,.369,.144,.381,52.9,47.1,58.0,69.2,11.7,9.9,5.7,3.4,13.4,13.3,124.3,115.6,114.5,125.5
"Tue, Apr 9, 2024",7:00p,Dallas Mavericks,130,Charlotte Hornets,104,Box Score,,"17,425",2:01,Spectrum Center,,https://www.basketball-reference.com/boxscores/202404090CHO.html,.639,.529,.629,.494,.538,.360,.215,.236,58.5,41.5,70.0,61.5,6.0,8.0,12.3,7.0,12.8,10.9,130.2,104.2,104.2,130.2
"Tue, Apr 9, 2024",7:00p,Detroit Pistons,102,Philadelphia 76ers,120,Box Score,,"19,796",2:15,Wells Fargo Center,,https://www.basketball-reference.com/boxscores/202404090PHI.html,.539,.555,.488,.515,.357,.378,.286,.235,46.3,53.7,58.8,65.9,3.1,11.2,8.2,14.8,14.5,7.7,104.8,122.0,123.2,103.7
"Tue, Apr 9, 2024",7:00p,Indiana Pacers,140,Toronto Raptors,123,Box Score,,"19,325",2:17,Scotiabank Arena,,https://www.basketball-reference.com/boxscores/202404090TOR.html,.641,.567,.626,.527,.455,.223,.232,.351,52.4,47.6,61.1,44.7,8.7,7.7,11.0,11.1,11.4,12.1,134.6,118.8,118.3,135.3
"Tue, Apr 9, 2024",7:30p,Miami Heat,117,Atlanta Hawks,111,Box Score,2OT,"17,049",2:35,State Farm Arena,,https://www.basketball-reference.com/boxscores/202404090ATL.html,.602,.466,.580,.442,.511,.407,.239,.124,43.8,56.2,69.0,62.2,7.2,11.7,4.5,4.7,15.6,11.8,105.7,99.8,100.3,105.2
"Tue, Apr 9, 2024",7:30p,Boston Celtics,91,Milwaukee Bucks,104,Box Score,,"17,493",1:57,Fiserv Forum,,https://www.basketball-reference.com/boxscores/202404090MIL.html,.489,.635,.489,.636,.559,.444,.000,.025,43.7,56.3,73.0,67.4,12.4,6.7,8.9,12.2,11.4,18.0,102.6,115.9,117.2,101.4
"Tue, Apr 9, 2024",8:00p,New York Knicks,128,Chicago Bulls,117,Box Score,,"21,648",2:12,United Center,,https://www.basketball-reference.com/boxscores/202404090CHI.html,.697,.607,.657,.591,.434,.318,.241,.216,44.3,55.7,67.4,42.6,6.5,4.3,6.7,10.6,10.7,8.5,138.2,127.1,126.4,139.0
"Tue, Apr 9, 2024",8:00p,Orlando Magic,106,Houston Rockets,118,Box Score,,"18,055",2:11,Toyota Center,,https://www.basketball-reference.com/boxscores/202404090HOU.html,.551,.628,.494,.610,.279,.407,.267,.209,53.2,46.8,59.0,64.4,9.2,8.2,11.8,11.3,13.5,11.3,108.0,120.9,120.3,108.6
"Tue, Apr 9, 2024",8:00p,San Antonio Spurs,102,Memphis Grizzlies,87,Box Score,,"16,108",1:55,FedEx Forum,,https://www.basketball-reference.com/boxscores/202404090MEM.html,.563,.400,.540,.375,.460,.288,.092,.106,51.0,49.0,71.4,58.3,5.3,10.5,14.9,10.6,15.8,6.8,107.5,91.7,91.7,107.5
"Tue, Apr 9, 2024",8:00p,Washington Wizards,121,Minnesota Timberwolves,130,Box Score,,"18,024",2:12,Target Center,,https://www.basketball-reference.com/boxscores/202404090MIN.html,.627,.625,.607,.578,.483,.456,.191,.356,48.2,51.8,59.1,69.8,5.0,9.0,8.2,17.4,11.9,7.1,121.0,130.0,130.0,121.0
"Tue, Apr 9, 2024",8:00p,Sacramento Kings,105,Oklahoma City Thunder,112,Box Score,,"17,509",2:17,Paycom Center,,https://www.basketball-reference.com/boxscores/202404090OKC.html,.489,.598,.448,.556,.604,.375,.271,.388,57.1,42.9,69.7,53.8,8.1,11.1,8.0,21.1,13.7,13.0,106.3,112.8,113.4,105.8
"Tue, Apr 9, 2024",9:00p,Denver Nuggets,111,Utah Jazz,95,Box Score,,"18,206",1:58,Delta Center,,https://www.basketball-reference.com/boxscores/202404090UTA.html,.562,.491,.564,.451,.394,.341,.117,.143,49.4,50.6,65.2,52.8,12.7,5.3,20.0,3.5,9.2,13.4,117.9,100.9,100.9,117.9
"Tue, Apr 9, 2024",10:00p,Golden State Warriors,134,Los Angeles Lakers,120,Box Score,,"18,997",2:15,Crypto.com Arena,,https://www.basketball-reference.com/boxscores/202404090LAL.html,.751,.563,.750,.521,.513,.365,.263,.250,51.2,48.8,78.7,70.5,3.0,8.0,19.7,7.7,14.4,7.0,133.8,119.3,119.8,133.2
"Tue, Apr 9, 2024",10:00p,Los Angeles Clippers,105,Phoenix Suns,92,Box Score,,"17,071",2:11,Footprint Center,,https://www.basketball-reference.com/boxscores/202404090PHO.html,.572,.454,.540,.382,.299,.393,.126,.315,62.4,37.6,68.3,56.7,5.0,16.2,5.6,11.5,18.6,7.3,105.0,93.4,92.0,106.6
"Tue, Apr 9, 2024",10:00p,New Orleans Pelicans,110,Portland Trail Blazers,100,Box Score,,"18,341",2:01,Moda Center,,https://www.basketball-reference.com/boxscores/202404090POR.html,.551,.565,.477,.547,.414,.447,.333,.094,48.9,51.1,69.4,70.0,13.8,3.2,4.3,5.9,8.3,19.9,117.1,105.9,106.5,116.5
"Wed, Apr 10, 2024",7:00p,Memphis Grizzlies,98,Cleveland Cavaliers,110,Box Score,,"19,432",2:10,Rocket Mortgage Fieldhouse,,https://www.basketball-reference.com/boxscores/202404100CLE.html,.531,.580,.476,.543,.381,.451,.226,.354,48.4,51.6,63.6,73.0,10.6,11.6,22.2,19.2,14.8,14.4,103.4,116.1,116.1,103.4
"Wed, Apr 10, 2024",7:30p,Charlotte Hornets,115,Atlanta Hawks,114,Box Score,,"16,158",2:09,State Farm Arena,,https://www.basketball-reference.com/boxscores/202404100ATL.html,.648,.640,.595,.634,.456,.488,.278,.195,46.5,53.5,62.5,81.4,11.5,7.3,4.8,4.7,13.6,16.8,119.8,118.1,118.7,119.1
"Wed, Apr 10, 2024",7:30p,Toronto Raptors,102,Brooklyn Nets,106,Box Score,,"17,732",2:20,Barclays Center,,https://www.basketball-reference.com/boxscores/202404100BRK.html,.500,.549,.457,.506,.426,.419,.191,.279,44.6,55.4,54.3,65.8,8.6,4.3,10.0,27.8,8.9,13.4,109.2,112.9,113.5,108.6
"Wed, Apr 10, 2024",7:30p,Dallas Mavericks,111,Miami Heat,92,Box Score,,"19,660",2:10,Kaseya Center,,https://www.basketball-reference.com/boxscores/202404100MIA.html,.599,.530,.580,.488,.506,.370,.149,.160,45.9,54.1,62.8,66.7,9.0,3.3,15.7,2.3,7.0,17.2,125.4,102.2,103.9,123.3
"Wed, Apr 10, 2024",8:00p,Orlando Magic,99,Milwaukee Bucks,117,Box Score,,"17,563",2:12,Fiserv Forum,,https://www.basketball-reference.com/boxscores/202404100MIL.html,.562,.630,.532,.601,.385,.476,.295,.238,44.2,55.8,52.8,62.8,6.3,9.4,2.3,8.3,15.4,13.9,104.2,121.9,123.1,103.1
"Wed, Apr 10, 2024",8:00p,San Antonio Spurs,89,Oklahoma City Thunder,127,Box Score,,"17,229",1:57,Paycom Center,,https://www.basketball-reference.com/boxscores/202404100OKC.html,.425,.576,.380,.545,.417,.376,.208,.208,43.1,56.9,75.0,70.2,7.0,10.5,6.3,10.7,12.5,9.8,78.2,111.6,111.6,78.2
"Wed, Apr 10, 2024",10:00p,Minnesota Timberwolves,107,Denver Nuggets,116,Box Score,,"19,845",2:21,Ball Arena,,https://www.basketball-reference.com/boxscores/202404100DEN.html,.586,.623,.579,.620,.366,.301,.256,.277,44.3,55.7,56.1,67.4,9.8,7.6,8.6,15.4,9.9,13.1,116.0,125.8,125.8,116.0
"Wed, Apr 10, 2024",10:30p,Phoenix Suns,124,Los Angeles Clippers,108,Box Score,,"19,370",2:02,Crypto.com Arena,,https://www.basketball-reference.com/boxscores/202404100LAC.html,.610,.543,.579,.526,.526,.379,.158,.105,52.2,47.8,63.0,52.3,7.8,8.8,10.2,6.7,11.3,11.6,121.5,105.3,105.9,120.9
"Thu, Apr 11, 2024",7:00p,Chicago Bulls,127,Detroit Pistons,105,Box Score,,"20,013",2:03,Little Caesars Arena,,https://www.basketball-reference.com/boxscores/202404110DET.html,.619,.603,.604,.584,.375,.455,.156,.299,52.5,47.5,54.9,71.1,14.2,4.1,11.9,3.3,8.1,18.7,129.0,107.2,106.7,129.7
"Thu, Apr 11, 2024",7:30p,New York Knicks,118,Boston Celtics,109,Box Score,,"19,156",2:04,TD Garden,,https://www.basketball-reference.com/boxscores/202404110BOS.html,.571,.586,.566,.558,.364,.488,.101,.186,59.1,40.9,49.0,62.5,7.4,7.5,9.1,19.0,12.7,11.4,124.0,116.4,114.5,126.0
"Thu, Apr 11, 2024",9:00p,Houston Rockets,121,Utah Jazz,124,Box Score,,"18,206",2:18,Delta Center,,https://www.basketball-reference.com/boxscores/202404110UTA.html,.578,.627,.532,.586,.495,.448,.232,.310,44.3,55.7,55.0,61.4,8.5,8.4,12.5,14.6,8.7,13.9,128.3,130.1,131.5,127.0
"Thu, Apr 11, 2024",10:00p,Golden State Warriors,100,Portland Trail Blazers,92,Box Score,,"19,335",2:04,Moda Center,,https://www.basketball-reference.com/boxscores/202404110POR.html,.583,.440,.545,.402,.455,.351,.260,.175,48.4,51.6,66.7,62.9,8.8,9.8,20.6,7.1,15.7,11.1,110.0,100.6,101.2,109.4
"Thu, Apr 11, 2024",10:00p,New Orleans Pelicans,135,Sacramento Kings,123,Box Score,,"17,832",2:17,Golden 1 Center,,https://www.basketball-reference.com/boxscores/202404110SAC.html,.719,.663,.698,.643,.465,.452,.209,.238,55.6,44.4,71.4,56.5,7.0,7.0,4.3,0.0,12.2,13.1,134.4,122.4,122.4,134.4
"Fri, Apr 12, 2024",7:00p,Orlando Magic,113,Philadelphia 76ers,125,Box Score,,"20,149",2:21,Wells Fargo Center,,https://www.basketball-reference.com/boxscores/202404120PHI.html,.533,.623,.495,.580,.284,.420,.263,.318,50.6,49.4,58.1,52.4,6.8,5.8,13.7,8.8,9.4,11.5,110.3,120.8,122.0,109.2
"Fri, Apr 12, 2024",7:00p,Chicago Bulls,129,Washington Wizards,127,Box Score,,"20,333",2:20,Capital One Arena,,https://www.basketball-reference.com/boxscores/202404120WAS.html,.585,.643,.561,.628,.357,.500,.286,.337,58.9,41.1,58.3,71.1,8.6,5.7,14.0,7.9,10.5,10.8,122.7,120.8,120.8,122.7
"Fri, Apr 12, 2024",7:30p,Charlotte Hornets,98,Boston Celtics,131,Box Score,,"19,156",1:56,TD Garden,,https://www.basketball-reference.com/boxscores/202404120BOS.html,.572,.597,.520,.587,.461,.394,.289,.125,38.4,61.6,62.5,63.0,3.1,12.3,11.1,2.4,18.9,5.2,99.8,134.1,133.4,100.3
"Fri, Apr 12, 2024",7:30p,Indiana Pacers,120,Cleveland Cavaliers,129,Box Score,,"19,432",2:11,Rocket Mortgage Fieldhouse,,https://www.basketball-reference.com/boxscores/202404120CLE.html,.608,.614,.567,.595,.360,.337,.247,.242,48.8,51.3,80.4,56.0,6.9,8.8,3.2,3.5,12.4,9.5,117.7,125.9,126.5,117.1
"Fri, Apr 12, 2024",7:30p,Brooklyn Nets,107,New York Knicks,111,Box Score,,"19,812",2:15,Madison Square Garden (IV),,https://www.basketball-reference.com/boxscores/202404120NYK.html,.592,.590,.567,.542,.390,.361,.232,.301,59.2,40.8,53.7,55.3,3.5,11.7,7.5,6.0,13.4,5.1,123.6,129.7,128.2,125.0
"Fri, Apr 12, 2024",8:00p,Los Angeles Lakers,123,Memphis Grizzlies,120,Box Score,,"17,794",2:20,FedEx Forum,,https://www.basketball-reference.com/boxscores/202404120MEM.html,.641,.576,.599,.542,.457,.411,.420,.221,48.1,51.9,59.5,44.2,5.0,14.0,10.7,4.5,16.5,12.6,123.9,119.6,120.8,122.6
"Fri, Apr 12, 2024",8:00p,Toronto Raptors,103,Miami Heat,125,Box Score,,"19,600",2:07,Kaseya Center,,https://www.basketball-reference.com/boxscores/202404120MIA.html,.594,.650,.545,.622,.403,.477,.286,.267,52.6,47.4,62.2,82.2,1.1,7.3,2.2,4.3,16.4,6.8,109.8,131.2,133.3,108.1
"Fri, Apr 12, 2024",8:00p,Atlanta Hawks,106,Minnesota Timberwolves,109,Box Score,,"18,024",2:22,Target Center,,https://www.basketball-reference.com/boxscores/202404120MIN.html,.525,.594,.494,.544,.333,.468,.278,.367,47.6,52.4,57.5,76.3,4.0,8.0,2.4,18.3,12.9,13.2,105.4,109.0,108.4,106.0
"Fri, Apr 12, 2024",8:00p,Milwaukee Bucks,107,Oklahoma City Thunder,125,Box Score,,"18,203",206:00,Paycom Center,,https://www.basketball-reference.com/boxscores/202404120OKC.html,.590,.639,.559,.601,.353,.427,.153,.225,52.5,47.5,64.3,61.7,7.1,13.3,5.9,9.1,17.3,9.3,108.1,127.6,126.3,109.2
"Fri, Apr 12, 2024",8:00p,Denver Nuggets,120,San Antonio Spurs,121,Box Score,,"18,665",2:07,Frost Bank Center,,https://www.basketball-reference.com/boxscores/202404120SAS.html,.592,.636,.572,.618,.371,.388,.103,.271,40.2,59.8,63.3,68.9,8.9,2.0,7.7,6.6,8.2,15.9,118.3,120.5,119.3,119.5
"Fri, Apr 12, 2024",8:30p,Detroit Pistons,107,Dallas Mavericks,89,Box Score,,"20,274",1:55,American Airlines Center,,https://www.basketball-reference.com/boxscores/202404120DAL.html,.541,.504,.526,.482,.326,.349,.095,.145,44.9,55.1,50.0,55.6,11.2,5.1,13.0,7.8,6.6,18.5,109.2,91.3,90.8,109.7
"Fri, Apr 12, 2024",10:00p,New Orleans Pelicans,114,Golden State Warriors,109,Box Score,,"18,064",2:13,Chase Center,,https://www.basketball-reference.com/boxscores/202404120GSW.html,.587,.572,.578,.541,.422,.395,.178,.244,41.8,58.2,57.1,67.5,11.1,6.1,9.6,9.6,8.5,14.4,115.1,110.6,110.1,115.7
"Fri, Apr 12, 2024",10:00p,Houston Rockets,116,Portland Trail Blazers,107,Box Score,,"18,630",2:07,Moda Center,,https://www.basketball-reference.com/boxscores/202404120POR.html,.575,.496,.538,.453,.424,.368,.217,.305,50.0,50.0,56.8,54.1,3.1,4.2,8.3,9.4,8.2,6.1,120.8,112.1,111.5,121.5
"Fri, Apr 12, 2024",10:30p,Utah Jazz,110,Los Angeles Clippers,109,Box Score,,"19,370",2:07,Crypto.com Arena,,https://www.basketball-reference.com/boxscores/202404120LAC.html,.556,.522,.500,.500,.398,.406,.284,.198,51.1,48.9,63.4,53.5,7.3,9.5,7.0,13.2,15.4,11.1,114.4,114.6,113.4,115.6
"Fri, Apr 12, 2024",10:30p,Phoenix Suns,108,Sacramento Kings,107,Box Score,,"17,832",2:16,Golden 1 Center,,https://www.basketball-reference.com/boxscores/202404120SAC.html,.647,.551,.605,.516,.421,.418,.224,.154,53.9,46.1,62.5,65.0,4.3,12.9,7.5,2.3,18.5,6.7,115.5,115.0,114.4,116.1
"Sun, Apr 14, 2024",1:00p,Washington Wizards,122,Boston Celtics,132,Box Score,,"19,156",2:01,TD Garden,,https://www.basketball-reference.com/boxscores/202404140BOS.html,.568,.672,.544,.663,.369,.360,.097,.236,42.9,57.1,67.3,56.9,8.6,9.4,7.0,23.1,10.1,14.8,116.4,124.7,125.9,115.3
"Sun, Apr 14, 2024",1:00p,Charlotte Hornets,120,Cleveland Cavaliers,110,Box Score,,"19,432",1:48,Rocket Mortgage Fieldhouse,,https://www.basketball-reference.com/boxscores/202404140CLE.html,.626,.567,.610,.559,.440,.355,.121,.097,52.2,47.8,78.3,68.2,10.4,4.2,15.0,2.0,9.4,12.6,125.4,115.5,114.9,126.0
"Sun, Apr 14, 2024",1:00p,Atlanta Hawks,115,Indiana Pacers,157,Box Score,,"17,274",2:04,Gainbridge Fieldhouse,,https://www.basketball-reference.com/boxscores/202404140IND.html,.570,.752,.506,.745,.404,.360,.303,.100,40.0,60.0,64.1,63.1,5.7,9.5,7.8,11.3,14.4,13.3,108.9,148.6,148.6,108.9
"Sun, Apr 14, 2024",1:00p,Toronto Raptors,103,Miami Heat,118,Box Score,,"19,600",2:06,Kaseya Center,,https://www.basketball-reference.com/boxscores/202404140MIA.html,.519,.619,.472,.580,.378,.414,.233,.218,47.1,52.9,60.5,63.0,6.0,12.9,5.9,12.5,16.1,16.6,102.3,117.2,117.2,102.3
"Sun, Apr 14, 2024",1:00p,Chicago Bulls,119,New York Knicks,120,Box Score,OT,"19,812",2:35,Madison Square Garden (IV),,https://www.basketball-reference.com/boxscores/202404140NYK.html,.551,.599,.525,.571,.307,.352,.158,.231,45.4,54.6,51.0,58.7,14.5,6.8,5.1,8.6,10.0,17.3,115.2,116.1,116.1,115.2
"Sun, Apr 14, 2024",1:00p,Milwaukee Bucks,88,Orlando Magic,113,Box Score,,"18,846",2:08,Kia Center,,https://www.basketball-reference.com/boxscores/202404140ORL.html,.517,.605,.447,.559,.360,.412,.307,.224,44.2,55.8,53.3,64.3,10.7,11.5,8.0,10.4,16.6,13.0,93.9,118.6,120.5,92.4
"Sun, Apr 14, 2024",1:00p,Brooklyn Nets,86,Philadelphia 76ers,107,Box Score,,"20,246",2:01,Wells Fargo Center,,https://www.basketball-reference.com/boxscores/202404140PHI.html,.475,.521,.440,.500,.410,.458,.205,.156,42.4,57.6,59.4,73.2,8.1,8.1,11.5,12.2,12.6,12.0,87.2,107.9,108.5,86.8
"Sun, Apr 14, 2024",3:30p,Utah Jazz,116,Golden State Warriors,123,Box Score,,"18,064",2:04,Chase Center,,https://www.basketball-reference.com/boxscores/202404140GSW.html,.604,.591,.596,.553,.382,.457,.180,.245,53.3,46.7,47.8,77.8,6.0,10.1,9.8,10.9,17.2,8.0,116.4,124.1,123.4,117.0
"Sun, Apr 14, 2024",3:30p,Houston Rockets,116,Los Angeles Clippers,105,Box Score,,"19,370",1:55,Crypto.com Arena,,https://www.basketball-reference.com/boxscores/202404140LAC.html,.531,.471,.539,.433,.369,.356,.136,.163,53.6,46.4,62.0,56.1,6.6,12.2,11.9,12.3,14.2,9.7,109.3,98.9,98.9,109.3
"Sun, Apr 14, 2024",3:30p,Denver Nuggets,126,Memphis Grizzlies,111,Box Score,,"17,544",2:09,FedEx Forum,,https://www.basketball-reference.com/boxscores/202404140MEM.html,.627,.514,.584,.490,.404,.330,.292,.180,55.7,44.3,69.6,48.9,8.9,8.9,7.5,3.8,15.2,10.8,124.1,109.9,109.3,124.7
"Sun, Apr 14, 2024",3:30p,Phoenix Suns,125,Minnesota Timberwolves,106,Box Score,,"18,024",2:11,Target Center,,https://www.basketball-reference.com/boxscores/202404140MIN.html,.665,.634,.640,.579,.337,.371,.209,.443,47.1,52.9,59.6,61.1,14.1,7.7,6.8,8.8,12.2,22.3,136.0,115.9,115.3,136.7
"Sun, Apr 14, 2024",3:30p,Los Angeles Lakers,124,New Orleans Pelicans,108,Box Score,,"18,633",2:16,Smoothie King Center,,https://www.basketball-reference.com/boxscores/202404140NOP.html,.653,.586,.615,.564,.333,.430,.207,.163,50.0,50.0,66.7,63.4,12.0,8.0,6.1,1.7,13.6,17.1,123.9,108.4,107.9,124.5
"Sun, Apr 14, 2024",3:30p,Dallas Mavericks,86,Oklahoma City Thunder,135,Box Score,,"18,203",1:56,Paycom Center,,https://www.basketball-reference.com/boxscores/202404140OKC.html,.412,.649,.371,.629,.402,.351,.175,.165,41.4,58.6,59.4,70.4,7.6,5.7,3.2,10.3,12.6,12.6,82.1,128.9,128.9,82.1
"Sun, Apr 14, 2024",3:30p,Portland Trail Blazers,82,Sacramento Kings,121,Box Score,,"18,037",2:06,Golden 1 Center,,https://www.basketball-reference.com/boxscores/202404140SAC.html,.389,.612,.352,.569,.459,.391,.173,.310,51.4,48.6,58.1,67.4,11.4,11.4,3.8,11.3,14.6,12.4,84.7,125.6,125.0,85.1
"Sun, Apr 14, 2024",3:30p,Detroit Pistons,95,San Antonio Spurs,123,Box Score,,"18,516",1:54,Frost Bank Center,,https://www.basketball-reference.com/boxscores/202404140SAS.html,.471,.633,.435,.621,.359,.374,.217,.154,42.6,57.4,47.2,67.3,7.1,9.0,5.3,5.1,12.2,12.6,96.0,123.6,124.2,95.5
"Tue, Apr 16, 2024",7:30p,Los Angeles Lakers,110,New Orleans Pelicans,106,Box Score,,"18,591",2:33,Smoothie King Center,Play-In Game,https://www.basketball-reference.com/boxscores/202404160NOP.html,.568,.532,.500,.511,.417,.323,.345,.161,45.1,54.9,68.6,69.8,8.2,4.1,11.1,4.1,7.6,10.8,112.3,108.2,108.2,112.3
"Tue, Apr 16, 2024",10:00p,Golden State Warriors,94,Sacramento Kings,118,Box Score,,"18,304",2:21,Golden 1 Center,Play-In Game,https://www.basketball-reference.com/boxscores/202404160SAC.html,.522,.564,.475,.531,.400,.398,.288,.153,46.2,53.8,57.6,65.1,5.3,10.5,5.1,10.4,15.1,7.1,99.2,124.5,124.5,99.2
"Wed, Apr 17, 2024",7:00p,Miami Heat,104,Philadelphia 76ers,105,Box Score,,"19,788",2:29,Wells Fargo Center,Play-In Game,https://www.basketball-reference.com/boxscores/202404170PHI.html,.529,.546,.500,.488,.433,.407,.211,.267,49.0,51.0,60.5,63.9,13.1,4.4,7.8,5.9,11.7,13.5,113.5,114.6,114.6,113.5
"Wed, Apr 17, 2024",9:30p,Atlanta Hawks,116,Chicago Bulls,131,Box Score,,"21,627",2:16,United Center,Play-In Game,https://www.basketball-reference.com/boxscores/202404170CHI.html,.561,.645,.511,.626,.407,.274,.308,.158,42.0,58.0,73.2,50.0,4.1,6.1,2.9,14.8,8.0,6.4,117.5,132.7,132.7,117.5
"Fri, Apr 19, 2024",7:00p,Chicago Bulls,91,Miami Heat,112,Box Score,,"19,600",2:09,Kaseya Center,Play-In Game,https://www.basketball-reference.com/boxscores/202404190MIA.html,.472,.605,.451,.549,.467,.402,.109,.293,44.7,55.3,77.1,68.4,12.3,6.2,12.2,12.2,11.1,13.9,93.6,115.2,115.2,93.6
"Fri, Apr 19, 2024",9:30p,Sacramento Kings,98,New Orleans Pelicans,105,Box Score,,"18,656",2:22,Smoothie King Center,Play-In Game,https://www.basketball-reference.com/boxscores/202404190NOP.html,.502,.579,.472,.559,.466,.224,.250,.153,47.1,52.9,58.3,65.9,9.6,9.6,6.1,17.0,13.3,14.2,104.4,111.9,111.9,104.4
"Sat, Apr 20, 2024",1:00p,Orlando Magic,83,Cleveland Cavaliers,97,Box Score,,"19,432",2:32,Rocket Mortgage Fieldhouse,,https://www.basketball-reference.com/boxscores/202404200CLE.html,.418,.537,.372,.494,.430,.370,.349,.259,42.6,57.4,57.1,58.3,12.5,9.3,13.7,8.2,10.8,16.6,86.6,100.7,101.2,86.2
"Sat, Apr 20, 2024",3:30p,Phoenix Suns,95,Minnesota Timberwolves,120,Box Score,,"19,478",2:35,Target Center,,https://www.basketball-reference.com/boxscores/202404200MIN.html,.552,.614,.500,.568,.373,.364,.333,.250,35.0,65.0,48.5,59.1,9.4,8.3,10.7,4.3,14.9,13.3,99.2,124.7,125.3,98.7
"Sat, Apr 20, 2024",6:00p,Philadelphia 76ers,104,New York Knicks,111,Box Score,,"19,812",2:30,Madison Square Garden (IV),,https://www.basketball-reference.com/boxscores/202404200NYK.html,.573,.537,.519,.484,.432,.385,.272,.308,37.5,62.5,47.2,55.6,9.2,6.8,12.5,15.2,10.8,10.4,119.1,126.4,127.1,118.4
"Sat, Apr 20, 2024",8:30p,Los Angeles Lakers,103,Denver Nuggets,114,Box Score,,"19,731",2:11,Ball Arena,,https://www.basketball-reference.com/boxscores/202404200DEN.html,.590,.545,.544,.534,.367,.412,.241,.059,44.9,55.1,56.4,57.4,3.3,7.6,11.7,8.0,12.1,5.4,112.8,123.5,124.9,111.6
"Sun, Apr 21, 2024",1:00p,Miami Heat,94,Boston Celtics,114,Box Score,,"19,156",2:09,TD Garden,,https://www.basketball-reference.com/boxscores/202404210BOS.html,.562,.640,.543,.610,.457,.598,.074,.195,43.6,56.4,60.5,69.2,4.6,6.9,3.0,13.6,11.6,11.0,107.4,131.0,130.2,108.0
"Sun, Apr 21, 2024",3:30p,Dallas Mavericks,97,Los Angeles Clippers,109,Box Score,,"19,370",2:22,Crypto.com Arena,,https://www.basketball-reference.com/boxscores/202404210LAC.html,.513,.588,.450,.563,.413,.414,.413,.149,47.7,52.3,45.2,52.5,7.6,5.4,17.6,6.4,8.7,13.1,105.6,118.0,118.7,105.0
"Sun, Apr 21, 2024",7:00p,Indiana Pacers,94,Milwaukee Bucks,109,Box Score,,"17,341",2:17,Fiserv Forum,,https://www.basketball-reference.com/boxscores/202404210MIL.html,.469,.588,.440,.552,.418,.425,.231,.149,51.5,48.5,55.6,51.2,4.1,5.1,10.0,9.4,11.5,11.5,97.0,111.9,112.4,96.5
"Sun, Apr 21, 2024",9:30p,New Orleans Pelicans,92,Oklahoma City Thunder,94,Box Score,,"18,203",2:21,Paycom Center,,https://www.basketball-reference.com/boxscores/202404210OKC.html,.460,.518,.443,.494,.406,.376,.094,.153,54.2,45.8,59.5,56.8,7.5,5.4,11.3,12.3,12.3,12.5,98.9,101.1,101.1,98.9
"Mon, Apr 22, 2024",7:00p,Orlando Magic,86,Cleveland Cavaliers,96,Box Score,,"19,432",2:31,Rocket Mortgage Fieldhouse,,https://www.basketball-reference.com/boxscores/202404220CLE.html,.470,.514,.419,.488,.438,.476,.325,.317,46.1,53.9,62.1,52.9,8.7,12.0,11.6,13.3,15.7,13.8,93.5,104.9,104.3,94.0
"Mon, Apr 22, 2024",7:30p,Philadelphia 76ers,101,New York Knicks,104,Box Score,,"19,812",2:35,Madison Square Garden (IV),,https://www.basketball-reference.com/boxscores/202404220NYK.html,.539,.514,.506,.467,.429,.363,.262,.253,48.9,51.1,72.2,59.5,3.3,5.4,10.3,12.5,10.5,7.3,109.6,112.9,112.9,109.6
"Mon, Apr 22, 2024",10:00p,Los Angeles Lakers,99,Denver Nuggets,101,Box Score,,"19,711",2:19,Ball Arena,,https://www.basketball-reference.com/boxscores/202404220DEN.html,.591,.529,.571,.489,.385,.386,.167,.193,45.8,54.2,63.2,66.7,6.4,6.5,5.6,8.3,15.2,8.6,106.0,108.8,108.2,106.6
"Tue, Apr 23, 2024",7:30p,Phoenix Suns,93,Minnesota Timberwolves,105,Box Score,,"19,310",2:32,Target Center,,https://www.basketball-reference.com/boxscores/202404230MIN.html,.538,.576,.500,.506,.282,.410,.244,.385,51.3,48.8,54.3,65.7,7.6,11.9,2.2,3.6,18.8,13.3,100.8,113.9,113.9,100.8
"Tue, Apr 23, 2024",8:30p,Indiana Pacers,125,Milwaukee Bucks,108,Box Score,,"17,683",2:21,Fiserv Forum,,https://www.basketball-reference.com/boxscores/202404230MIL.html,.650,.567,.644,.517,.400,.372,.156,.244,52.9,47.1,76.0,63.2,3.2,4.3,11.1,7.4,5.9,7.7,134.1,115.9,115.9,134.1
"Tue, Apr 23, 2024",10:00p,Dallas Mavericks,96,Los Angeles Clippers,93,Box Score,,"19,370",2:35,Crypto.com Arena,,https://www.basketball-reference.com/boxscores/202404230LAC.html,.546,.472,.513,.414,.434,.345,.355,.299,51.5,48.5,53.1,56.3,8.9,10.1,12.3,9.3,13.7,8.4,107.3,104.0,104.0,107.3
"Wed, Apr 24, 2024",7:00p,Miami Heat,111,Boston Celtics,101,Box Score,,"19,156",2:19,TD Garden,,https://www.basketball-reference.com/boxscores/202404240BOS.html,.669,.566,.647,.538,.573,.400,.240,.263,50.6,49.4,67.6,56.8,9.7,9.7,2.1,25.0,14.4,12.7,119.6,109.4,108.8,120.2
"Wed, Apr 24, 2024",9:30p,New Orleans Pelicans,92,Oklahoma City Thunder,124,Box Score,,"18,203",2:18,Paycom Center,,https://www.basketball-reference.com/boxscores/202404240OKC.html,.559,.714,.500,.679,.356,.372,.288,.256,48.6,51.4,48.5,54.3,4.5,5.6,4.1,4.3,18.0,9.4,102.5,138.2,138.2,102.5
"Thu, Apr 25, 2024",7:00p,Cleveland Cavaliers,83,Orlando Magic,121,Box Score,,"18,846",2:10,Kia Center,,https://www.basketball-reference.com/boxscores/202404250ORL.html,.473,.611,.439,.582,.415,.402,.159,.174,38.6,61.4,75.0,51.1,2.2,7.5,14.5,6.3,13.8,8.3,89.8,130.3,131.0,89.3
"Thu, Apr 25, 2024",7:30p,New York Knicks,114,Philadelphia 76ers,125,Box Score,,"21,116",2:36,Wells Fargo Center,,https://www.basketball-reference.com/boxscores/202404250PHI.html,.580,.698,.561,.647,.333,.413,.211,.440,47.1,52.9,61.4,58.5,4.4,6.6,6.8,13.3,8.4,10.9,126.0,137.5,138.2,125.4
"Thu, Apr 25, 2024",10:00p,Denver Nuggets,112,Los Angeles Lakers,105,Box Score,,"18,997",2:18,Crypto.com Arena,,https://www.basketball-reference.com/boxscores/202404250LAL.html,.562,.539,.517,.517,.311,.300,.244,.189,57.3,42.7,61.4,52.3,4.2,8.4,4.8,3.2,11.5,6.7,117.2,109.8,109.8,117.2
"Fri, Apr 26, 2024",5:30p,Milwaukee Bucks,118,Indiana Pacers,121,Box Score,OT,"17,274",2:50,Gainbridge Fieldhouse,,https://www.basketball-reference.com/boxscores/202404260IND.html,.591,.524,.523,.490,.352,.467,.307,.229,46.2,53.8,48.8,71.1,6.1,5.1,3.6,7.0,10.7,6.5,120.2,123.9,123.3,120.8
"Fri, Apr 26, 2024",8:00p,Los Angeles Clippers,90,Dallas Mavericks,101,Box Score,,"20,402",2:28,American Airlines Center,,https://www.basketball-reference.com/boxscores/202404260DAL.html,.571,.535,.529,.506,.414,.407,.286,.221,53.2,46.8,59.4,53.8,5.7,13.5,7.8,17.1,19.4,8.7,102.2,114.0,114.7,101.6
"Fri, Apr 26, 2024",10:30p,Minnesota Timberwolves,126,Phoenix Suns,109,Box Score,,"17,071",2:34,Footprint Center,,https://www.basketball-reference.com/boxscores/202404260PHO.html,.626,.605,.569,.533,.391,.368,.356,.421,64.1,35.9,60.5,68.6,5.3,8.6,2.1,5.7,12.2,10.0,134.7,116.5,116.5,134.7
"Sat, Apr 27, 2024",1:00p,Cleveland Cavaliers,89,Orlando Magic,112,Box Score,,"18,933",2:20,Kia Center,,https://www.basketball-reference.com/boxscores/202404270ORL.html,.548,.656,.500,.636,.236,.338,.292,.247,40.3,59.7,70.6,55.8,10.7,7.5,5.9,10.9,15.6,17.4,95.4,119.5,120.1,94.9
"Sat, Apr 27, 2024",3:30p,Oklahoma City Thunder,106,New Orleans Pelicans,85,Box Score,,"18,659",2:17,Smoothie King Center,,https://www.basketball-reference.com/boxscores/202404270NOP.html,.597,.471,.584,.435,.434,.381,.157,.167,51.1,48.9,67.5,56.3,13.6,14.5,9.6,4.3,15.3,18.9,110.6,88.2,88.7,110.0
"Sat, Apr 27, 2024",6:00p,Boston Celtics,104,Miami Heat,84,Box Score,,"20,092",2:11,Kaseya Center,,https://www.basketball-reference.com/boxscores/202404270MIA.html,.570,.505,.543,.474,.451,.364,.256,.182,54.4,45.6,56.4,65.6,4.8,2.4,12.2,4.4,6.2,12.6,123.6,100.5,99.9,124.4
"Sat, Apr 27, 2024",8:30p,Denver Nuggets,108,Los Angeles Lakers,119,Box Score,,"18,997",2:19,Crypto.com Arena,,https://www.basketball-reference.com/boxscores/202404270LAL.html,.551,.595,.500,.565,.345,.283,.287,.196,46.5,53.5,76.9,47.9,8.9,5.9,6.1,3.5,12.5,10.7,107.1,117.4,118.0,106.6
"Sun, Apr 28, 2024",1:00p,New York Knicks,97,Philadelphia 76ers,92,Box Score,,"21,048",2:41,Wells Fargo Center,,https://www.basketball-reference.com/boxscores/202404280PHI.html,.498,.485,.471,.409,.314,.402,.302,.354,55.3,44.7,51.4,79.3,1.1,5.4,22.4,8.5,11.0,8.7,106.3,100.3,100.8,105.7
"Sun, Apr 28, 2024",3:30p,Los Angeles Clippers,116,Dallas Mavericks,111,Box Score,,"20,411",2:36,American Airlines Center,,https://www.basketball-reference.com/boxscores/202404280DAL.html,.660,.603,.650,.562,.363,.407,.225,.309,40.8,59.2,51.2,55.0,10.8,5.4,12.5,9.8,12.9,15.6,125.4,120.0,120.0,125.4
"Sun, Apr 28, 2024",7:00p,Milwaukee Bucks,113,Indiana Pacers,126,Box Score,,"17,274",2:25,Gainbridge Fieldhouse,,https://www.basketball-reference.com/boxscores/202404280IND.html,.588,.650,.578,.640,.367,.483,.156,.202,52.5,47.5,56.5,71.7,5.2,5.1,8.7,10.5,8.6,7.6,116.6,129.4,130.0,116.0
"Sun, Apr 28, 2024",9:30p,Minnesota Timberwolves,122,Phoenix Suns,116,Box Score,,"17,071",2:48,Footprint Center,,https://www.basketball-reference.com/boxscores/202404280PHO.html,.594,.646,.545,.581,.404,.351,.348,.486,57.1,42.9,56.1,52.6,6.6,6.7,12.5,13.2,10.5,11.8,135.1,129.9,128.5,136.6
"Mon, Apr 29, 2024",7:30p,Boston Celtics,102,Miami Heat,88,Box Score,,"19,600",2:20,Kaseya Center,,https://www.basketball-reference.com/boxscores/202404290MIA.html,.543,.482,.500,.459,.430,.384,.209,.140,52.3,47.7,58.3,48.6,5.4,4.3,5.7,6.1,10.5,14.1,110.4,94.7,95.3,109.8
"Mon, Apr 29, 2024",8:30p,Oklahoma City Thunder,97,New Orleans Pelicans,89,Box Score,,"18,487",2:24,Smoothie King Center,,https://www.basketball-reference.com/boxscores/202404290NOP.html,.524,.474,.500,.424,.488,.400,.293,.235,46.8,53.2,51.4,68.8,9.3,10.3,13.7,19.0,13.1,16.8,100.2,91.4,91.9,99.7
"Mon, Apr 29, 2024",10:00p,Los Angeles Lakers,106,Denver Nuggets,108,Box Score,,"19,861",2:19,Ball Arena,,https://www.basketball-reference.com/boxscores/202404290DEN.html,.553,.581,.524,.562,.417,.427,.321,.101,47.7,52.3,76.9,66.7,7.5,6.4,11.8,2.0,8.6,13.1,113.7,115.8,115.8,113.7
"Tue, Apr 30, 2024",7:00p,Philadelphia 76ers,112,New York Knicks,106,Box Score,OT,"19,812",2:49,Madison Square Garden (IV),,https://www.basketball-reference.com/boxscores/202404300NYK.html,.564,.549,.544,.523,.429,.419,.209,.279,53.5,46.5,66.7,47.5,4.9,9.8,14.0,15.4,14.6,13.4,109.7,103.9,103.9,109.7
"Tue, Apr 30, 2024",8:00p,Orlando Magic,103,Cleveland Cavaliers,104,Box Score,,"19,432",2:31,Rocket Mortgage Fieldhouse,,https://www.basketball-reference.com/boxscores/202404300CLE.html,.567,.540,.519,.506,.397,.420,.372,.216,52.4,47.6,47.2,60.5,5.2,9.4,13.7,6.4,13.4,9.4,107.7,108.8,108.8,107.7
"Tue, Apr 30, 2024",9:30p,Indiana Pacers,92,Milwaukee Bucks,115,Box Score,,"17,341",2:25,Fiserv Forum,,https://www.basketball-reference.com/boxscores/202404300MIL.html,.530,.620,.519,.589,.469,.345,.160,.238,45.0,55.0,69.4,52.3,3.4,9.0,5.5,9.3,13.0,10.6,103.8,129.7,129.7,103.8
